ticker,filed_date,period_end,form,sec_revenue_to_assets,sec_net_margin,sec_operating_margin,sec_liabilities_to_assets,sec_cash_to_assets,sec_ocf_to_assets,sec_roe,sec_profitable,sec_positive_ocf
AMD,2010-08-04,2010-06-26,10-Q,,,,,0.21876892028254288,-0.015136226034308779,,0.0,0.0
AMD,2010-11-03,2010-09-25,10-Q,,,,,0.13492927094668117,-0.043307943416757345,,0.0,0.0
AMD,2011-02-18,2010-12-25,10-K,,,,,0.12207896857373086,-0.08299758259468171,,0.0,0.0
AMD,2011-05-10,2011-04-02,10-Q,,,,,0.11556920714148589,-0.03225187176041467,,0.0,0.0
AMD,2011-08-10,2011-07-02,10-Q,,,,,0.1060490045941807,0.0011485451761102604,,0.0,1.0
AMD,2011-11-09,2011-10-01,10-Q,,,,,0.1193659281894576,0.03724216959511077,,0.0,1.0
AMD,2012-02-24,2011-12-31,10-K,,,,,0.17541380702462656,0.07710940654016955,,0.0,1.0
AMD,2012-05-09,2012-03-31,10-Q,,,,,0.2391740176423416,0.02145148356054531,,0.0,1.0
AMD,2012-08-02,2012-06-30,10-Q,,,,,0.20134893870263837,0.03729418766117834,,0.0,1.0
AMD,2012-11-01,2012-09-29,10-Q,,,,,0.16825672159583693,-0.011274934952298352,,0.0,0.0
AMD,2013-02-21,2012-12-29,10-K,1.3555,-0.08723718185171524,-0.07783105864994468,,0.13725,-0.0845,-0.879182156133829,0.0,0.0
AMD,2013-05-06,2013-03-30,10-Q,0.2865420068475112,-0.13419117647058823,-0.0900735294117647,,0.11614432446668423,-0.04082170134316566,-0.35180722891566263,0.0,0.0
AMD,2013-08-01,2013-06-29,10-Q,0.2979214780600462,-0.06373815676141258,-0.024978466838931956,,0.08570695406723121,-0.04875545291249679,-0.20612813370473537,0.0,0.0
AMD,2013-10-30,2013-09-28,10-Q,0.33842946490618486,0.03285420944558522,0.0650239561943874,,0.12578179291174427,-0.039147556173268476,0.11059907834101383,1.0,0.0
AMD,2014-02-18,2013-12-28,10-K,1.2218123126585196,0.016795621815436874,0.025476505000943575,,0.20036891860733225,-0.0341249711782338,0.1636029411764706,1.0,0.0
AMD,2014-05-01,2014-03-29,10-Q,0.34006815968841286,-0.014316392269148175,0.03507516105941303,,0.13485881207400194,-0.04965920155793573,-0.03913894324853229,0.0,0.0
AMD,2014-07-31,2014-06-28,10-Q,0.3393782383419689,-0.02498265093684941,0.04371963913948647,,0.11846443711728685,-0.054639660857277436,-0.0718562874251497,0.0,0.0
AMD,2014-10-30,2014-09-27,10-Q,0.33040462427745665,0.011896431070678797,0.044086773967809655,,0.14797687861271677,-0.04947976878612717,0.03177570093457944,1.0,0.0
AMD,2015-02-19,2014-12-27,10-K,1.4616405627820548,-0.06610969851071559,-0.0599346167816927,,0.2136979028404566,-0.026015396867533847,-1.946524064171123,0.0,0.0
AMD,2015-04-29,2015-03-28,10-Q,0.30046674445740956,-0.17475728155339806,-0.13300970873786408,,0.19749124854142358,-0.05046674445740957,-10.588235294117647,0.0,0.0
AMD,2015-07-30,2015-06-27,10-Q,0.27861579414374443,-0.1921443736730361,-0.1454352441613588,,0.24519372966577935,-0.06832298136645963,1.2836879432624113,0.0,0.0
AMD,2015-11-03,2015-09-26,10-Q,0.3285847011458656,-0.18567389255419417,-0.14891611687087652,,0.23381851966553113,-0.0898110870238464,0.5863095238095238,0.0,0.0
AMD,2016-02-18,2015-12-26,10-K,1.2836925056288195,-0.02555750438486595,-0.012277624655474818,,0.252492762946285,-0.07269218398198778,0.24757281553398058,0.0,0.0
AMD,2016-04-28,2016-03-26,10-Q,0.2791009728279101,-0.1310096153846154,-0.08173076923076923,,0.2401878564240188,-0.014089231801408923,0.21669980119284293,0.0,0.0
AMD,2016-07-26,2016-06-25,10-Q,0.30971049457177324,0.06718597857838364,-0.007789678675754625,,0.28860072376357054,-0.03829915560916767,-0.16707021791767554,1.0,0.0
AMD,2016-10-26,2016-09-24,10-Q,0.3614491150442478,-0.31063504208110176,-0.22417750573833206,,0.3478982300884956,-0.027101769911504425,-1.0545454545454545,0.0,0.0
AMD,2017-02-21,2016-12-31,10-K,1.2863595302619693,-0.11633895131086143,-0.0007022471910112359,,0.3806082505269497,0.02710027100271003,-1.1947115384615385,0.0,1.0
AMD,2017-05-08,2017-04-01,10-Q,0.2982722036980903,-0.0741869918699187,-0.029471544715447155,,0.21885419824189148,-0.09063352531070021,-0.1784841075794621,0.0,0.0
AMD,2017-08-03,2017-07-01,10-Q,0.3626112759643917,-0.01309328968903437,0.020458265139116204,,0.22551928783382788,-0.11305637982195846,-0.03836930455635491,0.0,0.0
AMD,2017-11-02,2017-09-30,10-Q,0.4581706636921361,0.04321363359707851,0.07668898356664638,,0.24511991076408254,-0.08784160624651423,0.13653846153846153,1.0,0.0
AMD,2018-02-27,2017-12-30,10-K,0.4180790960451977,0.04121621621621622,0.05540540540540541,,0.3347457627118644,0.0192090395480226,0.09983633387888707,1.0,1.0
AMD,2018-05-03,2018-03-31,10-Q,0.43768269997342546,0.04918032786885246,0.07285974499089254,,0.2777039596066968,-0.022854105766675525,0.11328671328671329,1.0,0.0
AMD,2018-08-02,2018-06-30,10-Q,0.42797952717523763,0.06605922551252848,0.08712984054669703,,0.23105045088959297,-0.03192785766512308,0.13196814562002276,1.0,0.0
AMD,2018-10-31,2018-09-29,10-Q,0.3802622498274672,0.06170598911070781,0.09074410163339383,,0.24062571888658846,-0.008281573498964804,0.09066666666666667,1.0,0.0
AMD,2019-02-08,2018-12-29,10-K,0.3114574187884109,0.026779422128259338,0.019732205778717406,,0.23661106233538193,0.007462686567164179,0.030015797788309637,1.0,1.0
AMD,2019-05-01,2019-03-30,10-Q,0.25795984587304804,0.012578616352201259,0.029874213836477988,,0.1983370513080511,-0.04319610626647739,0.008948545861297539,1.0,0.0
AMD,2019-07-31,2019-06-29,10-Q,0.30007840062720503,0.022860875244937948,0.038536903984323974,,0.18874950999607998,-0.03586828694629557,0.01841136244082062,1.0,0.0
AMD,2019-10-30,2019-09-28,10-Q,0.3428517037883114,0.06662965019433648,0.10327595780122155,,0.22006472491909385,0.009708737864077669,0.05514705882352941,1.0,1.0
AMD,2020-02-04,2019-12-28,10-K,0.3528533510285335,0.07992477668077104,0.16361071932299012,,0.24319840743198406,0.08178500331785003,0.060134418111071807,1.0,1.0
AMD,2020-04-29,2020-03-28,10-Q,0.30457025920873126,0.09070548712206047,0.09910414333706608,,0.2268076398362892,-0.011084583901773533,0.05334211392821864,1.0,0.0
AMD,2020-07-29,2020-06-27,10-Q,0.2934832143399666,0.08126293995859213,0.08954451345755693,,0.26963390551420324,0.027039343764241226,0.04750378214826021,1.0,1.0
AMD,2020-10-28,2020-09-26,10-Q,0.3988324078029332,0.13923598714744734,0.1602998928953945,,0.1845365228534814,0.07361526413213726,0.1008533747090768,1.0,1.0
AMD,2021-01-29,2020-12-26,10-K,0.36197277393438965,0.5490135635018496,0.17570900123304561,,0.1779736665922785,0.11950457487168042,0.3051224944320713,1.0,1.0
AMD,2021-04-28,2021-03-27,10-Q,0.3428884244052951,0.16110304789550073,0.19216255442670538,,0.17547526624863144,0.08937991440230915,0.0856878184344604,1.0,1.0
AMD,2021-07-28,2021-06-26,10-Q,0.3601159854082873,0.18441558441558442,0.21584415584415584,,0.24534655317556822,0.17304274623515106,0.10049539985845718,1.0,1.0
AMD,2021-10-27,2021-09-25,10-Q,0.38671209540034074,0.21400417342916764,0.21980060282865754,,0.21877521743028783,0.24199766878866671,0.12934417040358745,1.0,1.0
AMD,2022-02-03,2021-12-25,10-K,1.3232949512843224,0.1924059875867105,0.22197882438846295,,0.2041227151944601,0.28351719140027376,0.4217687074829932,1.0,1.0
AMD,2022-05-04,2022-03-26,10-Q,0.08797728461480983,0.13351452352641413,0.16154238151860031,,0.0708361353956512,0.01486961070014197,0.01420490484882439,1.0,1.0
AMD,2022-08-03,2022-06-25,10-Q,0.09703416195075701,0.0682442748091603,0.08030534351145038,,0.07353856182039051,0.030117626144410537,0.0081023763345357,1.0,1.0
AMD,2022-11-02,2022-09-24,10-Q,0.08206633142115587,0.011859838274932614,-0.011500449236298293,,0.05010986418132751,0.04421111619058855,0.0012100766381870852,1.0,1.0
AMD,2023-02-27,2022-12-31,10-K,0.3492305415803492,0.055929833481632135,0.05355705266725986,,0.07154483575022196,0.052752293577981654,0.02410958904109589,1.0,1.0
AMD,2023-05-03,2023-04-01,10-Q,0.07914658307951622,-0.025966747618158044,-0.02708761442181954,,0.05655439571812994,0.0071857349853623916,-0.0025414122207189087,0.0,1.0
AMD,2023-08-02,2023-07-01,10-Q,0.07884708755719687,0.005038253405486098,-0.003732039559619332,,0.05651271940794798,0.012726764459222857,0.0004896982008125363,1.0,1.0
AMD,2023-11-01,2023-09-30,10-Q,0.08576582971046638,0.051551724137931035,0.038620689655172416,,0.052657261999822555,0.019016354656493064,0.005439330543933054,1.0,1.0
AMD,2024-01-31,2023-12-30,10-K,0.33409442439419607,0.037654320987654324,0.017680776014109348,,0.05793621565883479,0.024556234808867938,0.015279467544550203,1.0,1.0
AMD,2024-05-01,2024-03-30,10-Q,0.08060976507842993,0.02247396309154029,0.006577745295084963,,0.06171293909713528,0.007673613668164077,0.002188689988967579,1.0,1.0
AMD,2024-07-31,2024-06-29,10-Q,0.0859529210735645,0.04541559554413025,0.04610111396743787,,0.06058686621689303,0.01640986359485019,0.004687113092079663,1.0,1.0
AMD,2024-10-30,2024-09-28,10-Q,0.09792348785111149,0.11306643202815662,0.1061739257955712,,0.055962433224194384,0.02501579642713539,0.01352987628323243,1.0,1.0
AMD,2025-02-05,2024-12-28,10-K,0.3724756594343166,0.06364165212332752,0.0736862516967229,,0.054704879669488345,0.04392858174674255,0.028505419677598665,1.0,1.0
AMD,2025-05-07,2025-03-29,10-Q,0.10395527603074772,0.0953213229362732,0.10836246302769562,,0.08454227812718379,0.013123689727463313,0.012249270054076467,1.0,1.0
AMD,2025-08-06,2025-06-28,10-Q,0.10271317829457365,0.11346779440468445,-0.017436564736499675,,0.05936915263298583,0.03942796043838546,0.01461493337802732,1.0,1.0
AMD,2025-11-05,2025-09-27,10-Q,0.12024814347582942,0.1344365130867402,0.13735669478693488,,0.06253007504129222,0.06644470744300374,0.02044744201348906,1.0,1.0
AMD,2026-02-04,2025-12-27,10-K,0.4502898889842186,0.12514795461762754,0.10664280146655504,,0.07200426383797416,0.10021319189870785,0.06881061604152447,1.0,1.0
AMD,2026-05-06,2026-03-28,10-Q,0.12873860525853192,0.1348873500438896,0.14395786599044183,,0.07012631526079205,0.03710353833404485,0.021454500325773323,1.0,1.0
COP,2009-08-04,2009-06-30,10-Q,0.23620504687718644,0.03661701647483638,,0.6001479280083692,0.005917120334770412,0.029665562759457063,0.022026506473892312,1.0,1.0
COP,2009-11-03,2009-09-30,10-Q,0.2635556692711921,0.037413187962064075,,0.5926115451986853,0.004205291713410354,0.04844942169038294,0.024204067829363737,1.0,1.0
COP,2010-02-25,2009-12-31,10-K,0.9787204760531628,0.03252957995460055,,0.5867499410176423,0.003552048653891525,0.08178231577843605,0.07704140698098545,1.0,1.0
COP,2010-05-04,2010-03-31,10-Q,0.28952264065628835,0.046808415697998706,,0.5903559201601963,0.005522899037529875,0.01963697435566178,0.033082611917939986,1.0,1.0
COP,2010-08-05,2010-06-30,10-Q,0.3016453623494612,0.09114389528520772,,0.5645930171138812,0.027202619902810057,0.04301579336572998,0.06314352869815755,1.0,1.0
COP,2010-11-02,2010-09-30,10-Q,0.3039148152678439,0.06471360786307405,,0.5498895920377511,0.05147650531438909,0.06987568642851165,0.04369466653317505,1.0,1.0
COP,2011-02-23,2010-12-31,10-K,1.211925995112402,0.05995534229654616,,0.5578834909221183,0.06048082705323899,0.10904333584963599,0.1643490717562112,1.0,1.0
COP,2011-05-03,2011-03-31,10-Q,0.35410259140707706,0.05356447903767911,,0.5582581134155584,0.038661262942941435,0.012195962240749673,0.042937564697040596,1.0,1.0
COP,2011-08-02,2011-06-30,10-Q,0.40999450233650697,0.051838420162433146,,0.5590748931704026,0.034391633555738814,0.05135942224554564,0.04820198928844682,1.0,1.0
COP,2011-11-01,2011-09-30,10-Q,0.4058724279037294,0.041666666666666664,,0.5712300163553969,0.02221877444420741,0.08943105198171816,0.03944154630160118,1.0,1.0
COP,2012-02-21,2011-12-31,10-K,1.5976832213013117,0.050797955990899174,,0.5710108986490896,0.03772107289695229,0.12821249102656138,0.1891867222441963,1.0,1.0
COP,2012-04-30,2012-03-31,10-Q,0.3446196916767456,0.05232309556046462,,0.5883927529914478,0.022758946715700418,0.02567518617886678,0.04380770550243873,1.0,1.0
COP,2012-07-31,2012-06-30,10-Q,0.12269314434074802,0.1620674864169288,,0.5926338502561224,0.009157252122658058,0.057294224966669006,0.04881252287750576,1.0,1.0
COP,2012-10-30,2012-09-30,10-Q,0.12585703265175222,0.12382920110192837,,0.5850098379980757,0.010990820757742548,0.08712912480822405,0.03755456691104288,1.0,1.0
COP,2013-02-19,2012-12-31,10-K,0.49483541623984156,0.14539306846999156,,0.5866028136310866,0.030885064535955745,0.11884518199822441,0.17403514568319325,1.0,1.0
COP,2013-04-30,2013-03-31,10-Q,0.12027508914926134,0.15099534095722153,,0.5819324163695024,0.04603498047206656,0.0401596196298183,0.043440292445166534,1.0,1.0
COP,2013-08-02,2013-06-30,10-Q,0.11415427501346764,0.15355805243445692,,0.5815882408270413,0.033425397829786145,0.07243452162090519,0.041894874519741686,1.0,1.0
COP,2013-11-05,2013-09-30,10-Q,0.11391950567802271,0.1817782012753793,,0.5696643286573146,0.03242317969271877,0.10167000668002672,0.048120767603857424,1.0,1.0
COP,2014-02-25,2013-12-31,10-K,0.46090447834520615,0.16826861228015363,,0.5553673225645239,0.052906646789262816,0.13626468570266906,0.1744265792882725,1.0,1.0
COP,2014-05-06,2014-03-31,10-Q,0.12843157675484274,0.1377229970807655,,0.5532514059570923,0.062653613830452,0.05278900229118934,0.03959269689114339,1.0,1.0
COP,2014-08-05,2014-06-30,10-Q,0.11361469156911745,0.15056797626799798,,0.5422366171248192,0.05048993818229646,0.08185913455215046,0.03737025464210035,1.0,1.0
COP,2014-11-04,2014-09-30,10-Q,0.10152454910661758,0.223841059602649,,0.5322054695510396,0.04545072529541291,0.11882070159514564,0.0485797955480498,1.0,1.0
COP,2015-02-24,2014-12-31,10-K,0.4506989076618128,0.13077831086741298,,0.5514548777662414,0.04343610293549799,0.1435999965676726,0.1314062709238039,1.0,1.0
COP,2015-05-05,2015-03-31,10-Q,0.07011868195779793,0.0352514256091239,,0.5546427727594918,0.024208938405336146,0.01699351156831028,0.00555011426705844,1.0,1.0
COP,2015-08-04,2015-06-30,10-Q,0.07404265957161862,-0.021584468829133004,,0.5627884967366945,0.03404373097149183,0.03608831906288224,-0.003655373807919296,0.0,1.0
COP,2015-11-03,2015-09-30,10-Q,0.06854241191516673,-0.1474800330487469,,0.5794674796364289,0.02277510877875204,0.05640449650303448,-0.02403770620581304,0.0,1.0
COP,2016-02-23,2015-12-31,10-K,0.30327028025111813,-0.1497767555134623,,0.5888350908867096,0.02429116572976078,0.07767428501087358,-0.11047352926500674,0.0,1.0
COP,2016-05-03,2016-03-31,10-Q,0.0512951499489152,-0.2868580355399336,,0.6052747560951179,0.04874090991045135,0.0042170002203658075,-0.03727764102824371,0.0,1.0
COP,2016-08-02,2016-06-30,10-Q,0.055677015012388864,-0.20026178010471204,,0.6061486247319217,0.02980615070689404,0.0174901617839965,-0.02831011604239909,0.0,1.0
COP,2016-11-01,2016-09-30,10-Q,0.06803911586271265,-0.16212003117692908,,0.6133384243349879,0.0433795765983624,0.03139451020321581,-0.028527540048277376,0.0,1.0
COP,2017-02-21,2016-12-31,10-K,0.26392416343626074,-0.1525767104207994,,0.607605935035423,0.040212984003921044,0.04904647328788486,-0.10262306251064554,0.0,1.0
COP,2017-05-04,2017-03-31,10-Q,0.0854580382617394,0.0779462623038042,,0.595319018335171,0.035340388528298454,,0.0164602117918036,1.0,0.0
COP,2017-08-01,2017-06-30,10-Q,0.08693143941336341,-0.5072998082878631,,0.6090072303984411,0.09658479052356289,,-0.11279058329781304,0.0,0.0
COP,2017-10-31,2017-09-30,10-Q,0.08933890810969664,0.06279904306220095,,0.5897463298646826,0.09231776225270835,0.06139378314476163,0.013675436311539464,1.0,1.0
COP,2018-02-20,2017-12-31,10-K,0.39674490880837493,-0.02937538651824366,,0.5801504866279545,0.08621629726561435,0.09646683569150241,-0.02775883899873381,0.0,1.0
COP,2018-05-01,2018-03-31,10-Q,0.12439379586296605,0.10093203000681973,,0.5656821298796783,0.07046813805194621,0.03391915392989947,0.028908132039846345,1.0,1.0
COP,2018-07-31,2018-06-30,10-Q,0.25098642218869677,0.14611027626863946,,0.5470871533016131,0.046913078797725424,0.08328014390158989,0.08096854781884569,1.0,1.0
COP,2018-08-01,2018-06-30,10-Q,0.1233607984217245,0.19285042333019756,,0.5470871533016131,0.046913078797725424,0.08328014390158989,0.052527064249567615,1.0,1.0
COP,2018-10-30,2018-09-30,10-Q,0.1339219910425761,0.1969520584188803,,0.5453398718748228,0.05266738477237939,0.12969839560065763,0.05801303033136943,1.0,1.0
COP,2019-02-19,2018-12-31,10-K,0.5203915404401257,0.17181536095779443,,0.541811946270363,0.08452414975707345,0.18482423549585597,0.19514096806387227,1.0,1.0
COP,2019-05-02,2019-03-31,10-Q,0.12797560770930655,0.200327868852459,,0.538714369632717,0.08696746762147194,0.04047665668969761,0.05557745368545526,1.0,1.0
COP,2019-08-01,2019-06-30,10-Q,0.11160382256774393,0.19866716962152647,,0.5358751631327093,0.08336958504651913,0.08118044933413789,0.04777166354235956,1.0,1.0
COP,2019-10-31,2019-09-30,10-Q,0.1102644299118567,0.39401753481175866,,0.49901905032698324,0.10226044924651692,0.11546772817742394,0.08672209767587048,1.0,1.0
COP,2020-02-18,2019-12-31,10-K,0.46185154721048305,0.2207449258451807,,0.5029355872592677,0.0721558839379414,0.15747227500921804,0.20510699001426533,1.0,1.0
COP,2020-05-05,2020-03-31,10-Q,0.09469038795688343,-0.2823968821045794,,0.5173681054234004,0.06009256838835668,0.03236818230744391,-0.05540510402395896,0.0,1.0
COP,2020-08-04,2020-06-30,10-Q,0.04360308346286838,0.09457984721716987,,0.5004758430352441,0.04610919011515401,0.035878564857405704,0.008255802876829772,1.0,1.0
COP,2020-11-03,2020-09-30,10-Q,0.06944598381810409,-0.10259917920656635,,0.512595595104264,0.039425558528745824,0.04955903541966845,-0.014618458239937628,0.0,1.0
COP,2021-02-16,2020-12-31,10-K,0.2999776422115047,-0.14379258943781942,,0.5233159794308346,0.04776581813536044,0.07668721453895046,-0.09048879359442527,0.0,1.0
COP,2021-05-06,2021-03-31,10-Q,0.11740527881662743,0.09993893751272136,,0.4843654785943866,0.0338260069539866,0.024852735593179836,0.022755184798980418,1.0,1.0
COP,2021-08-05,2021-06-30,10-Q,0.11189302483519314,0.21881540393470073,,0.4815638794890109,0.07737433111249019,0.074130885331897,0.047226488391001895,1.0,1.0
COP,2021-11-04,2021-09-30,10-Q,0.1297305965362412,0.2100476779092354,,0.4946966920186933,0.11262943278658481,0.12746265921378172,0.05392723563413805,1.0,1.0
COP,2022-02-17,2021-12-31,10-K,0.5054874753201487,0.17628960460853627,,0.4991672273634749,0.05545934856222631,0.18746759907788355,0.17792802713297803,1.0,1.0
COP,2022-05-05,2022-03-31,10-Q,0.15546362584129977,0.3970081345650076,,0.47252111287349424,0.06874008659493291,0.0543147425729841,0.11701003697834125,1.0,1.0
COP,2022-08-04,2022-06-30,10-Q,0.17854055265601484,0.30756814921090386,,0.46418622522493674,0.07374083442733181,0.1385589104842411,0.10248595673479144,1.0,1.0
COP,2022-11-03,2022-09-30,10-Q,0.16837310332465177,0.2835045090180361,,0.48249101089237323,0.08446070626443265,0.22904562565243522,0.09223904317528882,1.0,1.0
COP,2023-02-16,2022-12-31,10-K,0.650641059800275,0.3059837179970188,,0.48839910901746797,0.06882733483251446,0.30176171546110475,0.3891423452700873,1.0,1.0
COP,2023-05-04,2023-03-31,10-Q,0.13083846414628011,0.24406552992310265,,0.4774444723920342,0.076267757351735,0.059087280322831115,0.06110959964841052,1.0,1.0
COP,2023-08-03,2023-06-30,10-Q,0.1229284080129457,0.2026327734906945,,0.4695496903074605,0.06400312482562356,0.1033089671335305,0.04695882687088426,1.0,1.0
COP,2023-11-02,2023-09-30,10-Q,0.13453139849013893,0.22208111754901183,,0.49018163180318414,0.09428623292863932,0.15698711172331314,0.05860299507801864,1.0,1.0
COP,2024-02-15,2023-12-31,10-K,0.5058379550477461,0.22581509418408144,,0.4862703807180685,0.05874442266794545,0.20813352237187774,0.22234623267517603,1.0,1.0
COP,2024-05-02,2024-03-31,10-Q,0.12907454797164072,0.20728040952303567,,0.48268448210764775,0.0584595376935017,0.05228216637999748,0.0517181956411556,1.0,1.0
COP,2024-08-01,2024-06-30,10-Q,0.1318832427026689,0.1839652448657188,,0.48179052857470256,0.04473196241431756,0.10317311498635331,0.04681877575635742,1.0,1.0
COP,2024-10-31,2024-09-30,10-Q,0.12102503645332423,0.1759377937281039,,0.48416219402475724,0.05399228533904177,0.16201822149143216,0.04127824221647521,1.0,1.0
COP,2025-02-18,2024-12-31,10-K,0.40249226258348264,0.1870775830668987,,0.47225932562306566,0.045667046750285066,0.1639029157843297,0.14267856040496327,1.0,1.0
COP,2025-05-08,2025-03-31,10-Q,0.11652743573647528,0.19676773257821673,,0.4749625766574919,0.050775025351296535,0.0492137074057978,0.04367086667279806,1.0,1.0
COP,2025-08-07,2025-06-30,10-Q,0.10294537475835855,0.15616829094366533,,0.4651506129740047,0.03997585624678831,0.07830406447034641,0.030058561581162692,1.0,1.0
COP,2025-11-06,2025-09-30,10-Q,0.10889836044157032,0.12941441103696483,,0.46989515970997453,0.04294859233130838,0.12637990724410478,0.02658533955608952,1.0,1.0
COP,2026-02-17,2025-12-31,10-K,0.4249993849383708,0.154137079345477,,0.47115360959168107,0.053280738730020746,0.1623434668153749,0.12386992727216338,1.0,1.0
COP,2026-04-30,2026-03-31,10-Q,0.11000203707476064,0.1617037037037037,,0.4741006314931758,0.04788755347321247,0.03499694438785903,0.033823461055763004,1.0,1.0
DVN,2009-08-06,2009-06-30,10-Q,0.07724433603134125,0.15023923444976076,,,0.024245112170602802,0.07676386886942381,0.022949861131413535,1.0,1.0
DVN,2009-11-05,2009-09-30,10-Q,0.07455314310081376,0.23784556720686367,,,0.0324082299847198,0.11698233893607192,0.03405445983757592,1.0,1.0
DVN,2010-02-25,2009-12-31,10-K,0.2699925890992387,-0.3092950717404866,,,0.034056457589436095,0.1595701677558445,-0.1592164418754014,0.0,1.0
DVN,2010-05-06,2010-03-31,10-Q,0.1049646314828699,0.3701863354037267,,,0.03853049515923982,0.048733578902761025,0.07030374520790328,1.0,1.0
DVN,2010-08-06,2010-06-30,10-Q,0.07447198958993693,0.3163082437275986,,,0.09729405091588536,0.09649327683427313,0.04194890077243019,1.0,1.0
DVN,2010-11-04,2010-09-30,10-Q,0.07384740922072623,0.8882277943051424,,,0.12547468851018423,0.13294416721589306,0.11205232682822218,1.0,1.0
DVN,2011-02-25,2010-12-31,10-K,0.06484040453123577,0.26323185011709604,,,0.09991800042518298,0.16636802623986394,0.029190256063990026,1.0,1.0
DVN,2011-05-04,2011-03-31,10-Q,0.06214182344428365,0.19375873311597577,,,0.049667149059334295,0.036468885672937774,0.021633990327110095,1.0,1.0
DVN,2011-08-04,2011-06-30,10-Q,0.0835560630043854,0.8518633540372671,,,0.08695539351791784,0.07291693696966552,0.12801008026880717,1.0,1.0
DVN,2011-11-02,2011-09-30,10-Q,0.08784427833241358,0.2964020559680183,,,0.1409220889981438,0.10570410876436061,0.049189650270116576,1.0,1.0
DVN,2012-02-24,2011-12-31,10-K,0.06286937276552278,0.19613152804642167,,,0.13510226913442128,0.15137291144781964,0.02365842277181521,1.0,1.0
DVN,2012-05-02,2012-03-31,10-Q,0.05860814458396902,0.15738886663996796,,,0.13679145640183077,0.024081680553925594,0.017899435234104574,1.0,1.0
DVN,2012-08-01,2012-06-30,10-Q,0.05886818495514148,0.18640093786635403,,,0.14034966643662297,0.05640671727628249,0.021462317210348705,1.0,1.0
DVN,2012-11-07,2012-09-30,10-Q,0.04282630660420685,-0.38552278820375335,,,0.12257738587305961,0.087558556076054,-0.03301042192736789,0.0,1.0
DVN,2013-02-21,2012-12-31,10-K,0.059571619812583666,-0.13831848120883378,,,0.10702580436689287,0.11438858883811107,-0.0167778926590845,0.0,1.0
DVN,2013-05-01,2013-03-31,10-Q,0.047424366312346686,-0.6790060851926978,,,0.12685777499879755,0.02409696503294695,-0.0679419525065963,0.0,1.0
DVN,2013-08-07,2013-06-30,10-Q,0.07723638180909545,0.22096408929149142,,,0.08403298350824588,0.05992003998001,0.03403767567028805,1.0,1.0
DVN,2013-11-06,2013-09-30,10-Q,0.06659158791558537,0.1577205882352941,,,0.10576311021887089,0.09790432355677423,0.020813118571705803,1.0,1.0
DVN,2014-02-28,2013-12-31,10-K,0.06119831144902862,0.07888719512195122,0.23666158536585366,,0.14147445017142057,0.12678125801711873,0.010098053563588468,1.0,1.0
DVN,2014-05-09,2014-03-31,10-Q,0.07059603904103098,0.08697986577181208,0.18523489932885906,,0.038415616412394576,,0.012936197396789906,1.0,0.0
DVN,2014-08-06,2014-06-30,10-Q,0.08823241709869901,0.14966740576496673,0.39334811529933483,,0.033375721412501225,,0.02590275912352738,1.0,0.0
DVN,2014-11-05,2014-09-30,10-Q,0.10495879147898267,0.1904047976011994,0.33245877061469264,,0.06703515017997994,,0.03795576808129109,1.0,0.0
DVN,2015-02-20,2014-12-31,10-K,0.11839168987104291,-0.06805671392827356,0.7836530442035029,,0.029227639868080652,0.11811521219661512,-0.015489161383394708,0.0,1.0
DVN,2015-05-06,2015-03-31,10-Q,0.07200829253231,-1.1022970903522205,-1.6830015313935682,,0.040977460191433994,,-0.15634910291498327,0.0,0.0
DVN,2015-08-05,2015-06-30,10-Q,0.08355907993892528,-0.8299440023577954,-1.285882699675803,,0.0424814066886667,,-0.13974492581013348,0.0,0.0
DVN,2015-11-04,2015-09-30,10-Q,0.10482955372478239,-0.9738961399611219,-1.5118022771452375,,0.05202177520305086,,-0.220261273709333,0.0,0.0
DVN,2016-02-17,2015-12-31,10-K,0.09772450223486388,-1.5703395703395704,-7.1819126819126815,,0.07822023567655424,,-0.4124124124124124,0.0,0.0
DVN,2016-05-04,2016-03-31,10-Q,0.07423962007193491,-1.4374412041392286,-1.6462841015992473,,0.05709396934036386,,-0.2908260373049105,0.0,0.0
DVN,2016-08-03,2016-06-30,10-Q,0.09132286007928352,-0.6310289389067524,-0.6016881028938906,,0.06324328292468066,,-0.17602870276936877,0.0,0.0
DVN,2016-11-02,2016-09-30,10-Q,0.157871181889382,0.23458540042523032,0.34609024332624616,,0.08894939022116137,,0.0986979425504423,1.0,0.0
DVN,2017-02-15,2016-12-31,10-K,0.12927874040057113,0.09880597014925373,-0.8641791044776119,,0.0755991201327519,,0.031903614457831325,1.0,0.0
DVN,2017-05-03,2017-03-31,10-Q,0.1357235784801408,0.159289540456724,0.19904144347335775,,0.08108211525216194,,0.0517304522981139,1.0,0.0
DVN,2017-08-02,2017-06-30,10-Q,0.1220631013649586,0.12985029025359,0.1655973113351665,,0.08834936973222943,,0.03751103265666372,1.0,0.0
DVN,2017-11-01,2017-09-30,10-Q,0.11451794332160092,0.07224334600760456,0.10329531051964512,,0.10091077325011794,,0.019105077928607342,1.0,0.0
DVN,2018-02-21,2017-12-31,10-K,0.46126120167983864,0.06437737472220231,,,0.08838993419529778,0.09619390893158294,0.06366988088485535,1.0,1.0
DVN,2018-05-02,2018-03-31,10-Q,0.12996316004911992,-0.05170603674540682,,,0.048574157456678944,0.02742529676627098,-0.01435336976320583,0.0,1.0
DVN,2018-08-01,2018-06-30,10-Q,0.09417332555986145,-0.15477057538237438,,,0.050070304194245345,,-0.033079078455790785,0.0,0.0
DVN,2018-11-07,2018-09-30,10-Q,0.1278504858219314,0.983714618069019,,,0.15377751338488996,,0.2851202517419645,1.0,0.0
DVN,2019-02-20,2018-12-31,10-K,0.22738423796381477,0.25826028320971006,,,0.12337728713073699,,0.12508164598301763,1.0,0.0
DVN,2019-05-01,2019-03-31,10-Q,0.04375726060740167,-0.40075853350189633,,,0.07340819826298611,,-0.04034618811251114,0.0,0.0
DVN,2019-08-07,2019-06-30,10-Q,0.04384647726590186,0.678082191780822,,,0.20842092618175265,,0.07077494995710609,1.0,0.0
DVN,2019-11-06,2019-09-30,10-Q,0.048631374183687646,0.15571428571428572,,,0.09552591357510073,,0.016661571384897586,1.0,0.0
DVN,2020-02-19,2019-12-31,10-K,0.2088649121528031,-0.22408376963350785,,,0.1067288765765109,,-0.10844594594594595,0.0,0.0
DVN,2020-05-06,2020-03-31,10-Q,0.05025125628140704,-3.242857142857143,,,0.13702440775305097,,-0.4495049504950495,0.0,0.0
DVN,2020-08-05,2020-06-30,10-Q,0.07289755720768562,-0.8874172185430463,,,0.14231920440281934,,-0.19982105577095138,0.0,0.0
DVN,2020-10-30,2020-09-30,10-Q,0.11175673058299439,-0.07972270363951472,,,0.1653108657757118,,-0.029224904701397714,0.0,0.0
DVN,2021-02-17,2020-12-31,10-K,0.4714487489911219,-0.5735073828375776,,,0.20651735270379337,,-0.8877111626366346,0.0,0.0
DVN,2021-05-05,2021-03-31,10-Q,0.11194212250085546,0.09301310043668122,,,0.08227012758468984,,0.02510016497761018,1.0,0.0
DVN,2021-08-04,2021-06-30,10-Q,0.1554946424121605,0.08205128205128205,,,0.06718165960627959,,0.029994141769185707,1.0,0.0
DVN,2021-11-03,2021-09-30,10-Q,0.18051004416583558,0.22046829781636412,,,0.10181887258393883,,0.09248427325902218,1.0,0.0
DVN,2022-02-16,2021-12-31,10-K,0.6539833531510107,0.20458181818181817,,,0.09983353151010702,,0.29928715820832,1.0,0.0
DVN,2022-05-03,2022-03-31,10-Q,0.20640095509229497,0.2200222469410456,,,0.11291211314170263,0.08435118008999908,0.10482246952835188,1.0,1.0
DVN,2022-08-02,2022-06-30,10-Q,0.24989221350349228,0.3333333333333333,,,0.1422781753901871,0.115460895059067,0.1889301779777039,1.0,1.0
DVN,2022-11-02,2022-09-30,10-Q,0.22006197733157873,0.36516203703703703,,,0.04949696480876173,0.08931527783673643,0.17198146633960207,1.0,1.0
DVN,2023-02-15,2022-12-31,10-K,0.8358416592892374,0.3033741867150855,,,0.055393954723662577,,0.5324893767705382,1.0,0.0
DVN,2023-05-09,2023-03-31,10-Q,0.16050384286934244,0.26469805799414736,,,0.03249359521776259,0.07160546541417592,0.08961541925605693,1.0,1.0
DVN,2023-08-02,2023-06-30,10-Q,0.1511453650181974,0.1954674220963173,,,0.01592806679511882,0.06015842432027403,0.06188340807174888,1.0,1.0
DVN,2023-11-08,2023-09-30,10-Q,0.16624726702693784,0.22580645161290322,,,0.026979085021245,0.07116043067530217,0.07725613379743612,1.0,1.0
DVN,2024-02-28,2023-12-31,10-K,0.6182115149040425,0.24749009247027742,,,0.034830543078807674,0.2672111065741119,0.30670377343046573,1.0,1.0
DVN,2024-05-02,2024-03-31,10-Q,0.1497717991832813,0.15931569099171344,,,0.04507967010969653,0.06958123148370567,0.048294303541042055,1.0,1.0
DVN,2024-08-07,2024-06-30,10-Q,0.1547571735156188,0.216743708269132,,,0.04530641443446467,0.061004689611318656,0.06630528713960249,1.0,1.0
DVN,2024-11-06,2024-09-30,10-Q,0.12546674156560816,0.2138530418751646,,,0.021313154677328753,0.0549515910517794,0.0560850946263296,1.0,1.0
DVN,2025-02-19,2024-12-31,10-K,0.5221227327888747,0.1816068848545763,,,0.02659975728951425,0.21647151431663877,0.19661316648531013,1.0,1.0
DVN,2025-05-07,2025-03-31,10-Q,0.14711588204862908,0.10857142857142857,,,0.03873512674599069,0.06279099844800828,0.03343938265755094,1.0,1.0
DVN,2025-08-06,2025-06-30,10-Q,0.12895826696400128,0.22208498023715414,,,0.05457151959222682,0.049219496654985664,0.058788909233586185,1.0,1.0
DVN,2025-11-06,2025-09-30,10-Q,0.13615835495339676,0.1616090331686662,,,0.039364530284103645,0.05413023285609045,0.0447557003257329,1.0,1.0
DVN,2026-02-18,2025-12-31,10-K,0.5312193423842526,0.15739306564994637,,,0.043798854394126396,0.21238013861198138,0.17014425553838228,1.0,1.0
DVN,2026-04-21,2024-12-31,10-K/A,,,,,,,,1.0,0.0
DVN,2026-05-06,2026-03-31,10-Q,0.13852441385244138,0.026619343389529725,,,0.054174476846019115,0.0508557907998648,0.0077780658542909,1.0,1.0
GLD,2009-09-08,2009-06-30,10-Q/A,,,,0.0057751720958941575,0.0,0.0,,0.0,0.0
GLD,2009-11-25,2009-09-30,10-K,,,,0.00042652044258065464,0.0,0.0,,0.0,0.0
GLD,2010-02-05,2009-12-31,10-Q,,,,0.00048507402709214493,0.0,0.0,,0.0,0.0
GLD,2010-05-10,2010-03-31,10-Q,,,,0.0005294958366334656,0.0,0.0,,0.0,0.0
GLD,2010-08-05,2010-06-30,10-Q,,,,0.0005278758170549752,0.0,0.0,,0.0,0.0
GLD,2010-11-22,2010-09-30,10-K,,,,0.0025085629083136628,0.0,0.0,,0.0,0.0
GLD,2011-02-04,2010-12-31,10-Q,,,,0.008769485584657002,0.0,0.0,,0.0,0.0
GLD,2011-05-06,2011-03-31,10-Q,,,,0.0013252022101369284,0.0,0.0,,0.0,0.0
GLD,2011-08-05,2011-06-30,10-Q,,,,0.0017531891509968626,0.0,0.0,,0.0,0.0
GLD,2011-11-22,2011-09-30,10-K,,,,0.012799655827394799,0.0,0.0,,0.0,0.0
GLD,2012-02-08,2011-12-31,10-Q,,,,0.0005606324701446871,0.0,0.0,,0.0,0.0
GLD,2012-05-08,2012-03-31,10-Q,,,,0.0006155066135673455,0.0,0.0,,0.0,0.0
GLD,2012-08-06,2012-06-30,10-Q,,,,0.002822967484257759,,0.0,,0.0,0.0
GLD,2012-11-28,2012-09-30,10-K,,,,0.012407675779612458,0.0,0.0,,0.0,0.0
GLD,2013-02-05,2012-12-31,10-Q,,,,0.000544820611215188,,,,0.0,0.0
GLD,2013-05-08,2013-03-31,10-Q,,,,0.000569064524257493,,,,0.0,0.0
GLD,2013-08-08,2013-06-30,10-Q,,,,0.0004929330650456871,,,,0.0,0.0
GLD,2013-11-26,2013-09-30,10-K,,,,0.0047216109490755215,,,,0.0,0.0
GLD,2014-02-07,2013-12-31,10-Q,,,,0.007870106689054739,0.0,0.0,,0.0,0.0
GLD,2014-05-09,2014-03-31,10-Q,,,,0.0054588473841757626,0.0,0.0,,0.0,0.0
GLD,2014-08-08,2014-06-30,10-Q,,,,0.00045774544988644414,0.0,0.0,,0.0,0.0
GLD,2014-11-25,2014-09-30,10-K,,,,0.005091716616148056,0.0,0.0,,0.0,0.0
GLD,2015-02-06,2014-12-31,10-Q,,,,0.005087952021483023,0.0,0.0,,0.0,0.0
GLD,2015-05-06,2015-03-31,10-Q,,,,0.00042828659133135145,0.0,,,0.0,0.0
GLD,2015-07-31,2015-06-30,10-Q,,,,0.0029214375839945426,0.0,,,0.0,0.0
GLD,2015-11-24,2015-09-30,10-K,,,,0.00034527897310353565,0.0,,,0.0,0.0
GLD,2016-01-29,2015-12-31,10-Q,,,,0.0022046436740567,0.0,,,0.0,0.0
GLD,2016-04-29,2016-03-31,10-Q,,,,0.007900543713865626,0.0,,,1.0,0.0
GLD,2016-08-02,2016-06-30,10-Q,,,,0.00030156754143727894,0.0,,,1.0,0.0
GLD,2016-11-28,2016-09-30,10-K,,,,0.0015770462351449902,0.0,,,0.0,0.0
GLD,2017-01-27,2016-12-31,10-Q,,,,0.0017859523161584377,0.0,,,0.0,0.0
GLD,2017-04-28,2017-03-31,10-Q,,,,0.0017571534653435666,0.0,,,1.0,0.0
GLD,2017-08-04,2017-06-30,10-Q,,,,0.0017204762898740198,0.0,,,0.0,0.0
GLD,2017-11-28,2017-09-30,10-K,,,,0.00032857456252553845,0.0,,,1.0,0.0
GLD,2018-02-06,2017-12-31,10-Q,,,,0.00033279862503580635,0.0,,,1.0,0.0
GLD,2018-05-02,2018-03-31,10-Q,,,,0.00033754076396170894,0.0,,,1.0,0.0
GLD,2018-08-07,2018-06-30,10-Q,,,,0.003567091220055264,,0.0,,0.0,0.0
GLD,2018-11-27,2018-09-30,10-K,,,,0.00033298092792967713,,0.0,,0.0,0.0
GLD,2019-02-08,2018-12-31,10-Q,,,,0.0003231974524769572,,0.0,,1.0,0.0
GLD,2019-05-07,2019-03-31,10-Q,,,,0.0003372911646614625,,0.0,,1.0,0.0
GLD,2019-08-06,2019-06-30,10-Q,,,,0.005087662259240774,,0.0,,1.0,0.0
GLD,2019-11-25,2019-09-30,10-K,,,,0.0047598736134015435,,0.0,,1.0,0.0
GLD,2020-02-07,2019-12-31,10-Q,,,,0.00032705433964985275,,0.0,,1.0,0.0
GLD,2020-05-08,2020-03-31,10-Q,,,,0.001534363451716161,,0.0,,1.0,0.0
GLD,2020-08-07,2020-06-30,10-Q,,,,0.00031186658627969666,,0.0,,1.0,0.0
GLD,2020-11-24,2020-09-30,10-K,,,,0.0003306009509210424,,0.0,,1.0,0.0
GLD,2021-02-05,2020-12-31,10-Q,,,,0.00033521311734824885,,0.0,,0.0,0.0
GLD,2021-05-06,2021-03-31,10-Q,,,,0.00035135383712286327,,0.0,,0.0,0.0
GLD,2021-08-05,2021-06-30,10-Q,,,,0.0003415871413847396,,0.0,,1.0,0.0
GLD,2021-11-24,2021-09-30,10-K,,,,0.0003379780117984232,,0.0,,0.0,0.0
GLD,2022-02-09,2021-12-31,10-Q,,,,0.0003350268114278612,,0.0,,1.0,0.0
GLD,2022-05-09,2022-03-31,10-Q,,,,0.00033443156853233124,,0.0,,1.0,0.0
GLD,2022-08-05,2022-06-30,10-Q,,,,0.004186483126231239,,0.0,,0.0,0.0
GLD,2022-11-23,2022-09-30,10-K,,,,0.004000472883405381,,0.0,,0.0,0.0
GLD,2023-02-09,2022-12-31,10-Q,,,,0.0012792313423692985,,0.0,,1.0,0.0
GLD,2023-05-09,2023-03-31,10-Q,,,,0.0018788580840356816,,0.0,,1.0,0.0
GLD,2023-08-07,2023-06-30,10-Q,,,,0.005617542427635678,,0.0,,0.0,0.0
GLD,2023-11-22,2023-09-30,10-K,,,,0.00034054597864629013,,0.0,,0.0,0.0
GLD,2024-02-08,2023-12-31,10-Q,,,,0.003285867214997654,,0.0,,1.0,0.0
GLD,2024-05-08,2024-03-31,10-Q,,,,0.00032860558762829486,,0.0,,1.0,0.0
GLD,2024-08-06,2024-06-30,10-Q,,,,0.00032797500262957824,,0.0,,1.0,0.0
GLD,2024-11-25,2024-09-30,10-K,,,,0.00031945930769575073,,0.0,,1.0,0.0
GLD,2025-02-05,2024-12-31,10-Q,,,,0.00034262618918861314,,0.0,,0.0,0.0
GLD,2025-05-07,2025-03-31,10-Q,,,,0.0003170166108574087,,0.0,,0.0,0.0
GLD,2025-08-06,2025-06-30,10-Q,,,,0.0027316149336342244,,0.0,,0.0,0.0
GLD,2025-11-25,2025-09-30,10-K,,,,0.00030709366292498865,,0.0,,1.0,0.0
GLD,2026-02-04,2025-12-31,10-Q,,,,0.0016698770689839656,,0.0,,0.0,0.0
GLD,2026-05-05,2026-03-31,10-Q,,,,0.0003658946841995365,,0.0,,0.0,0.0
IONQ,2020-12-18,2020-09-30,10-Q,,,,0.9506628662335941,,0.0,-0.6794303372296118,0.0,0.0
IONQ,2021-03-25,2020-12-31,10-K,,,,0.03952913886079046,,-0.0011403093175837945,-0.1258541482917034,0.0,0.0
IONQ,2021-06-04,2021-03-31,10-Q,,,,0.15849754724145845,,-0.003928154699794274,-0.40548775121959807,0.0,0.0
IONQ,2021-08-16,2021-06-30,10-Q,,,,0.1835804818559077,,-0.00563362206623415,-1.5860494623208603,0.0,0.0
IONQ,2021-11-15,2021-09-30,10-Q,0.00037187240148174393,-63.437768240343345,-45.167381974248926,0.10995293340291976,0.937332318265319,-0.034874608775869474,-0.02650506485052908,0.0,0.0
IONQ,2022-03-28,2021-12-31,10-K,0.0032693278174783656,-50.588851834206764,-18.431157694140065,0.07912115982480515,0.621507161681422,-0.041333088276523766,-0.1796018469969386,0.0,0.0
IONQ,2022-05-16,2022-03-31,10-Q,0.003112593652731448,-2.164362519201229,-9.362007168458781,0.06003337312395709,0.13825940192939368,-0.013266374585425794,-0.007167042793705482,0.0,0.0
IONQ,2022-08-15,2022-06-30,10-Q,0.00422695918261501,-0.63420245398773,-7.257668711656442,0.039407318085161555,0.07126186401120274,-0.027437957056169287,-0.0027907227870783125,0.0,0.0
IONQ,2022-11-14,2022-09-30,10-Q,0.004554888633549895,-8.680057908070937,-9.015924719507781,0.051056625359997755,0.0942926239818266,-0.04910146867545553,-0.04166391605718951,0.0,0.0
IONQ,2023-03-30,2022-12-31,10-K,0.018613961390787838,-4.3581888419728685,-7.703351001706944,0.04980166958755301,0.07419330024481934,-0.07474681935544288,-0.08537497514127675,0.0,0.0
IONQ,2023-05-11,2023-03-31,10-Q,0.007288381792142495,-6.379929988331389,-6.539789964994165,0.060696827130129506,0.08827871724480459,-0.023498015042811803,-0.04950410783775806,0.0,0.0
IONQ,2023-08-10,2023-06-30,10-Q,0.009560511188311733,-7.9271078875793295,-5.999818676337262,0.09292851545977131,0.02424191993786968,-0.051834786045640825,-0.08355152261077964,0.0,0.0
IONQ,2023-11-09,2023-09-30,10-Q,0.01085291610214759,-7.302966101694915,-6.876466753585397,0.1182960780221374,0.06568525835812501,-0.09229400507271242,-0.08989239632815509,0.0,0.0
IONQ,2024-02-28,2023-12-31,10-K,0.03981718992738177,-7.15774430632429,-7.156973051447237,0.12389537194262798,0.06442609920878645,-0.14236605368691066,-0.325305055320272,0.0,0.0
IONQ,2024-05-10,2024-03-31,10-Q,0.013941036512938943,-5.221841202848853,-6.973885518332894,0.11784790994774409,0.11045816769695253,-0.03762903089386646,-0.08252304754996675,0.0,0.0
IONQ,2024-08-07,2024-06-30,10-Q,0.02199503319257491,-3.300325103242246,-4.300237237501098,0.10467208441640012,0.08069032825379033,-0.09091769980770531,-0.0810772890341353,0.0,0.0
IONQ,2024-11-06,2024-09-30,10-Q,0.02490404911721171,-4.233548387096774,-4.28508064516129,0.124978158747246,0.06059717499713804,-0.13306594953716627,-0.1204912746193907,0.0,0.0
IONQ,2025-02-26,2024-12-31,10-K,0.08472465911862594,-7.699649432359019,-5.396768277110951,0.2449428389340425,0.10699111702085809,-0.20787862813441702,-0.863974553355112,0.0,0.0
IONQ,2025-05-07,2025-03-31,10-Q,0.008900401612094946,-4.262754427702881,-10.002511234469997,0.10002188044805511,0.1878436465531236,-0.03884955897957119,-0.042156831989626796,0.0,0.0
IONQ,2025-08-06,2025-06-30,10-Q,0.01536750115846631,-8.545375471151058,-7.760317000096646,0.12487821251618883,0.1040146798474389,-0.0635663830899564,-0.15006033369369493,0.0,0.0
IONQ,2025-11-05,2025-09-30,10-Q,0.009229633731757664,-26.46252445693072,-4.2345106105453265,0.47033695826314526,0.08011209099151076,-0.048312152667485925,-0.4611222401968005,0.0,0.0
IONQ,2026-02-25,2025-12-31,10-K,0.01978826724510293,-3.9255014767413243,-4.874130876199852,0.4195610041340213,0.1568963213267831,-0.043100695578536206,-0.13382779731556718,0.0,0.0
IONQ,2026-05-07,2026-03-31,10-Q,0.009661005782590321,12.453763839920827,-4.198475289169296,0.2545688767952854,0.07373157468806923,-0.022562066823002422,0.16140442856106438,1.0,0.0
NVDA,2009-08-20,2009-07-26,10-Q,0.2354225931350539,-0.13560758254777727,-0.14179544635038377,,0.1587992877778347,0.08405416065745637,-0.046854844845775734,0.0,1.0
NVDA,2009-11-19,2009-10-25,10-Q,0.26077283176279764,0.11910571896112293,0.1194024397535003,,0.17741500542503205,0.12084684779363744,0.0443866341260132,1.0,1.0
NVDA,2010-03-18,2010-01-31,10-K,0.9276411228589164,-0.020438335820974044,-0.02974496797632307,,0.12471590259453785,0.1360340643595308,-0.025509729320035722,0.0,1.0
NVDA,2010-05-21,2010-05-02,10-Q,0.26342495326095244,0.13734499352673601,0.147126260090456,,0.11760675040691239,-0.0014191315871817998,0.048098942720959784,1.0,0.0
NVDA,2010-08-30,2010-08-01,10-Q,0.21740813042643947,-0.17376677744795416,-0.21598283054407746,,0.10103884255968748,0.007757952524450133,-0.05106331646932419,0.0,1.0
NVDA,2010-12-07,2010-10-31,10-Q,0.21552674585291218,0.10055787807259525,0.12297846220932988,,0.11522536002976827,0.06158067555270881,0.0292841663560948,1.0,1.0
NVDA,2011-03-16,2011-01-30,10-K,0.19718075495757073,0.19365483722483462,0.28853105228480913,,0.1480143689577834,0.1503359326719828,0.05395349685144754,1.0,1.0
NVDA,2011-05-27,2011-05-01,10-Q,0.20310132867640726,0.14055459290111938,0.16097268405958595,,0.14432551136392424,0.036354086266853346,0.03921883121101871,1.0,1.0
NVDA,2011-08-25,2011-07-31,10-Q,0.20896965396108563,0.14911014769059444,0.17120225239715617,,0.10949168904684295,0.052261274921758465,0.04108260565409277,1.0,1.0
NVDA,2011-11-22,2011-10-30,10-Q,0.20950500909503025,0.16720722579676978,0.18485621564838958,,0.11137968376372533,0.09798266589612231,0.04486604839622998,1.0,1.0
NVDA,2012-03-13,2012-01-29,10-K,0.17165610647211704,0.12172233564206238,0.6801333201845584,,0.12027456505828997,0.16372551561986756,0.027986667708704196,1.0,1.0
NVDA,2012-05-23,2012-04-29,10-Q,0.16202696942818948,0.06534598654740036,0.07874128127307739,,0.06466786973821895,-0.0016131272963807821,0.014096330014171666,1.0,0.0
NVDA,2012-08-22,2012-07-29,10-Q,0.17723881388643117,0.11399925306673561,0.1337039271452785,,0.08479770721777986,0.03253256472763112,0.02672989549056788,1.0,1.0
NVDA,2012-11-19,2012-10-28,10-Q,0.19820270926911362,0.1736386210562158,0.209463421116011,,0.0864815714656311,0.06142455224106622,0.04426991691026978,1.0,1.0
NVDA,2013-03-12,2013-01-27,10-K,0.17262316084304327,0.1571710955441403,0.5856335971928861,,0.11427916431764538,0.12853095912586,0.0360363924624195,1.0,1.0
NVDA,2013-05-22,2013-04-28,10-Q,0.1520399546016762,0.08158355320145087,0.08670537183460611,,0.08940530074956282,0.02797185202006457,0.01614342656565807,1.0,1.0
NVDA,2013-08-21,2013-07-28,10-Q,0.1754595309674389,0.09869448384119324,0.10799211655707207,,0.10616953629637503,0.048857977388648936,0.02311697046119612,1.0,1.0
NVDA,2013-11-19,2013-10-27,10-Q,0.184538288779248,0.11265438101951959,0.13376889409250953,,0.09841486451681583,0.07606472209046757,0.02748060649249985,1.0,1.0
NVDA,2014-03-13,2014-01-26,10-K,0.15780371358345605,0.12839948331524237,0.4336822178990367,,0.1588200020576773,0.11517834904220087,0.03296765683854988,1.0,1.0
NVDA,2014-05-21,2014-04-27,10-Q,0.16064692469244302,0.12379181111130255,0.13725134590814,,0.074171885786673,0.021999914635285084,0.03276133703385061,1.0,1.0
NVDA,2014-08-20,2014-07-27,10-Q,0.15905230656160135,0.11604390183746455,0.14796467976757852,,0.07428798311555458,0.03566686218463713,0.02972877165090204,1.0,1.0
NVDA,2014-11-19,2014-10-26,10-Q,0.1779560430208591,0.1411535341632242,0.17408040921116844,,0.05731782001661664,0.06722855169042571,0.0411376321085061,1.0,1.0
NVDA,2015-03-12,2015-01-25,10-K,0.1736495065937472,0.15443889472648847,0.6069416256035518,,0.06896661856469494,0.12576166083999596,0.04371407579297516,1.0,1.0
NVDA,2015-05-20,2015-04-26,10-Q,0.15786586202167055,0.11642050390964379,0.1529105125977411,,0.06364010423810176,0.03374022767795913,0.029411764705882353,1.0,1.0
NVDA,2015-08-19,2015-07-26,10-Q,0.1652099154606677,0.022549869904596703,0.06591500433651344,,0.06232984668290586,0.05860438458231838,0.006212664277180406,1.0,1.0
NVDA,2015-11-18,2015-10-25,10-Q,0.18190688597713967,0.18850574712643678,0.18773946360153257,,0.06565374965151938,0.09255645386116532,0.05509518477043673,1.0,1.0
NVDA,2016-03-17,2016-01-31,10-K,0.19009497964721844,0.14775160599571735,0.5331905781584583,0.38181818181818183,0.08086838534599729,0.15943012211668928,0.04631908704408145,1.0,1.0
NVDA,2016-05-25,2016-05-01,10-Q,0.18359594822734945,0.15019157088122606,0.18773946360153257,0.398564997186269,0.07695554305008441,0.043472144063027574,0.04671115347950429,1.0,1.0
NVDA,2016-08-23,2016-07-31,10-Q,0.19139525532770407,0.17717086834733894,0.22198879551820727,0.3898941160702319,0.057096903900281465,0.06607693338694545,0.056473214285714286,1.0,1.0
NVDA,2016-11-22,2016-10-30,10-Q,0.20848938826466917,0.27045908183632733,0.3188622754491018,0.4414273824386184,0.20183104452767375,0.09893882646691636,0.10180315552216379,1.0,1.0
NVDA,2017-03-01,2017-01-29,10-K,0.22081089320191039,0.3014265991716521,0.8900138057984354,0.41134031094400975,0.179453307590692,0.1699014327812214,0.11367580701145436,1.0,1.0
NVDA,2017-05-23,2017-04-30,10-Q,0.20584484590860785,0.26174496644295303,0.28600929272070214,0.3476089266737513,0.21137088204038257,0.029968119022316685,0.08268101761252446,1.0,1.0
NVDA,2017-08-23,2017-07-30,10-Q,0.2371835779621357,0.26143497757847534,0.30852017937219733,0.364496915549883,0.2114443735375452,0.104977664326739,0.09760589318600368,1.0,1.0
NVDA,2017-11-21,2017-10-29,10-Q,0.2681586978636826,0.3179059180576631,0.33952959028831564,0.35371312309257374,0.28504577822990845,0.21810783316378432,0.13192695214105793,1.0,1.0
NVDA,2018-02-28,2018-01-28,10-K,0.2589627257361445,0.3840604603229131,1.102713844039849,0.3353794146428254,0.3560181478516146,0.3115381193843964,0.1496452951412127,1.0,1.0
NVDA,2018-05-22,2018-04-29,10-Q,0.2798429319371728,0.38790146554412225,0.40380417835983784,0.32661431064572427,0.06675392670157068,0.12609075043630016,0.16120253984709085,1.0,1.0
NVDA,2018-08-16,2018-07-29,10-Q,0.2424312994876572,0.3525456292026897,0.37047710534742234,0.31726439993789785,0.05573668684986803,0.18304611085235212,0.1251847640704946,1.0,1.0
NVDA,2018-11-15,2018-10-28,10-Q,0.23292084645236874,0.3866708582206853,0.33259981138006917,0.306216592223768,0.052793439261916965,0.20831807864098997,0.12981530343007916,1.0,1.0
NVDA,2019-02-21,2019-01-27,10-K,0.16588925669575685,0.2571428571428571,1.7251700680272108,0.29717123081552815,0.058832380379175445,0.2815979536563346,0.06069364161849711,1.0,1.0
NVDA,2019-05-16,2019-04-28,10-Q,0.1583339276799087,0.17747747747747747,0.16126126126126125,0.3078952999072819,0.19770344483275087,0.05135154411240282,0.04060181368507832,1.0,1.0
NVDA,2019-08-15,2019-07-28,10-Q,0.17455160744500847,0.2140364482357503,0.22140364482357502,0.3004399323181049,0.4808798646362098,0.11208121827411167,0.053405572755417956,1.0,1.0
NVDA,2019-11-14,2019-10-27,10-Q,0.19063883617963315,0.2982747179827472,0.30756469807564696,0.2907020872865275,0.6176470588235294,0.20847564832384566,0.08016764758337792,1.0,1.0
NVDA,2020-02-20,2020-01-26,10-K,0.17932428530176148,0.3059581320450886,0.9165861513687601,0.29517759168351143,0.6292809702570026,0.2749639041293676,0.07784333005571943,1.0,1.0
NVDA,2020-05-21,2020-04-26,10-Q,0.13245033112582782,0.29772727272727273,0.3168831168831169,0.43669906252687707,0.6662939709297325,0.03909004902382386,0.07000534391938316,1.0,1.0
NVDA,2020-08-19,2020-07-26,10-Q,0.15353455123113582,0.16088980858768753,0.16839110191412313,0.4474185861795075,0.13002382843526608,0.09833200953137411,0.04470317665660486,1.0,1.0
NVDA,2020-11-18,2020-10-25,10-Q,0.17581191175923513,0.28269149386373255,0.2958104104951333,0.4295599122056471,0.08373944421710502,0.13968974368513076,0.0871266466675362,1.0,1.0
NVDA,2021-02-26,2021-01-31,10-K,0.5791740474453823,0.25979010494752625,0.271784107946027,0.4132541419193498,0.029418915633357648,0.20221597026848667,0.2564375776949032,1.0,1.0
NVDA,2021-05-26,2021-05-02,10-Q,0.18382257436030652,0.33774951422010246,0.3455219925808161,0.39037537342512013,0.03175737108715418,0.06085205870892324,0.10184297432619581,1.0,1.0
NVDA,2021-08-20,2021-08-01,10-Q,0.16835705045278138,0.3648378669125557,0.3755955125249731,0.4528589909443726,0.145614489003881,0.1178783958602846,0.11226178654182627,1.0,1.0
NVDA,2021-11-22,2021-10-31,10-Q,0.17481295530616264,0.3468956778825848,0.3760382936787273,0.4143039968497736,0.03169915337664895,0.1495126993502658,0.10353811244642407,1.0,1.0
NVDA,2022-03-18,2022-01-30,10-K,0.6090931721999683,0.3623393029649996,0.3730772088875678,0.3977414171588929,0.04503587027858873,0.20612397311426436,0.3664512250112731,1.0,1.0
NVDA,2022-05-27,2022-05-01,10-Q,0.18331416438113776,0.19522200772200773,0.22538610038610038,0.4178536671680085,0.08597275059718659,0.03828629567371494,0.0614741641337386,1.0,1.0
NVDA,2022-08-31,2022-07-31,10-Q,0.15420001840095685,0.09785202863961814,0.07443317422434367,0.4513984727205815,0.06930260373539424,0.0690265893826479,0.02750408787891493,1.0,1.0
NVDA,2022-11-18,2022-10-30,10-Q,0.14648784825133374,0.114651829371101,0.10133198448828191,0.47270796285319105,0.06915629322268327,0.08380260818020153,0.03185160897465923,1.0,1.0
NVDA,2023-02-24,2023-01-29,10-K,0.6549949006847652,0.16193371394676356,0.1565952398606065,0.46333349521635664,0.08229323490845515,0.13697732018843184,0.19763811592235644,1.0,1.0
NVDA,2023-05-26,2023-04-30,10-Q,0.1617633828160144,0.2840656284760845,0.2975528364849833,0.4484930274403959,0.11423751686909582,0.06547458389563653,0.08331973898858075,1.0,1.0
NVDA,2023-08-28,2023-07-30,10-Q,0.2725658359398648,0.45813282001924927,0.5034426593618124,0.4450408636868126,0.11669861769750782,0.18684290182625365,0.22500999963637686,1.0,1.0
NVDA,2023-11-21,2023-10-29,10-Q,0.3346383984634705,0.5100993377483444,0.5748896247240618,0.38566521385831426,0.10192435547019281,0.30640097510526704,0.2778596122050203,1.0,1.0
NVDA,2024-02-21,2024-01-28,10-K,0.9268804771178188,0.4884934834706674,0.5412166376678376,0.346123417721519,0.11075949367088607,0.42736733203505356,0.6924472986178976,1.0,1.0
NVDA,2024-05-29,2024-04-28,10-Q,0.33791779115632137,0.5713792044232837,0.6492474274305022,0.36238841602657257,0.098440419348142,0.1990995432842018,0.3028163281917708,1.0,1.0
NVDA,2024-08-28,2024-07-28,10-Q,0.3524704612388093,0.5525632490013316,0.620572569906791,0.3176223497248524,0.10047285484646884,0.3500416534666244,0.2854170607149612,1.0,1.0
NVDA,2024-11-20,2024-10-27,10-Q,0.3653880203722413,0.550396214582977,0.6233681090017673,0.31364502723589516,0.09485173882703384,0.4943080624498766,0.2930089986190989,1.0,1.0
NVDA,2025-02-26,2025-01-26,10-K,1.169317479234057,0.5584802715771244,0.6241752683969747,0.28919095707027714,0.07696167597064542,0.5742690477683892,0.9187288060811577,1.0,1.0
NVDA,2025-05-28,2025-04-27,10-Q,0.3517811806409376,0.4261041260042667,0.49108074985248057,0.33061618790617464,0.12162485828795887,0.21886726172417648,0.2239304414202736,1.0,1.0
NVDA,2025-08-27,2025-07-27,10-Q,0.332123063805599,0.5652611086151937,0.6084333483088377,0.2885391502060537,0.08269859315049026,0.3039576524086969,0.2638743246347285,1.0,1.0
NVDA,2025-11-19,2025-10-26,10-Q,0.3537493484250503,0.5597656387046978,0.6316878925025436,0.26218755429791246,0.07127609402536798,0.4128502991039293,0.2683835588786933,1.0,1.0
NVDA,2026-02-25,2026-01-25,10-K,1.0441724733200195,0.5560253406070261,0.6038168363141272,0.23940658501085574,0.05128068741749394,0.49669492222066414,0.7633333969089534,1.0,1.0
PG,2009-10-29,2009-09-30,10-Q,0.1431338117227076,0.1669611753420508,0.22456707224718533,0.515634371770691,0.045483122683027295,0.03291636857661095,0.04933832634609933,1.0,1.0
PG,2010-01-28,2009-12-31,10-Q,0.15541824041155122,0.2215722642317021,0.2213820326247206,0.49038752928828544,0.030526339130627602,0.058014827079006306,0.067573643523286,1.0,1.0
PG,2010-04-30,2010-03-31,10-Q,0.14421066879220368,0.1347898633851288,0.20690374387318802,0.4978945152121276,0.036838464199239015,0.09594243003022875,0.03871325236248184,1.0,1.0
PG,2010-08-13,2010-06-30,10-K,0.1476609555909247,0.11544964598964387,0.15587023142766565,0.5206519364603813,0.022462004181880598,0.1253940018100677,0.03556372987841599,1.0,1.0
PG,2010-10-28,2010-09-30,10-Q,0.15051012775633546,0.15311599244607893,0.22368551833813735,0.5272641594111839,0.01947012536277414,0.018340663614875984,0.04874922865144539,1.0,1.0
PG,2011-01-28,2010-12-31,10-Q,0.1589820738346503,0.15613435143111445,0.19955965709467371,0.5180490493248829,0.024196971840950897,0.039687800227893914,0.051504334523202445,1.0,1.0
PG,2011-04-29,2011-03-31,10-Q,0.14816388111734463,0.14201680672268907,0.18645575877409787,0.5061301615667433,0.02157641096251593,0.06873544361276714,0.04260588444655356,1.0,1.0
PG,2011-08-10,2011-06-30,10-K,0.15077265565144485,0.12032598274209012,0.1574784276126558,0.5084999349494774,0.02000664960897408,0.09563149601746244,0.03691122189379568,1.0,1.0
PG,2011-10-27,2011-09-30,10-Q,0.16042659405491264,0.13797508783136378,0.19774604188529452,0.5195766266277256,0.026219284569270297,0.01586186199374895,0.04607368132370418,1.0,1.0
PG,2012-01-27,2011-12-31,10-Q,0.16480407412646766,0.07634967246442285,0.12374068217754687,0.5167931144880166,0.03286402454006001,0.04091250902755545,0.026040061633281972,1.0,1.0
PG,2012-04-27,2012-03-31,10-Q,0.15002414471973552,0.11939189858373775,0.1633653560463504,0.5103525129081387,0.029649715835221573,0.06917276475613833,0.036580740111365674,1.0,1.0
PG,2012-08-08,2012-06-30,10-K,0.1528386921145761,0.17964575499703148,0.15154363744310312,0.5157814343183812,0.03354405492876803,0.10045068207253259,0.05670336534707582,1.0,1.0
PG,2012-10-25,2012-09-30,10-Q,0.1526183327446132,0.13568638796470417,0.1905106321423405,0.5220475685858943,0.03901742611562463,0.02038443423996232,0.04332696926772187,1.0,1.0
PG,2013-01-25,2012-12-31,10-Q,0.1585026768546779,0.18295377677564825,0.2025704622322435,0.518788017412064,0.04748289886564262,0.04731135143635233,0.060261723333778945,1.0,1.0
PG,2013-04-24,2013-03-31,10-Q,0.14804752355693554,0.12457520147587145,0.16530731138945529,0.511589796666451,0.042233578426087645,0.07533188146423155,0.037761393904610537,1.0,1.0
PG,2013-08-08,2013-06-30,10-K,0.14831649468990327,0.09077705156136529,0.12747518760590656,0.5066241571702462,0.04270337419127837,0.10679792909818114,0.027289001440859276,1.0,1.0
PG,2013-10-25,2013-09-30,10-Q,0.15025686448184233,0.1427493515680264,0.19575571799103986,0.5123755535872454,0.043379982285208146,0.014483613817537645,0.0439868635201116,1.0,1.0
PG,2014-01-24,2013-12-31,10-Q,0.15588377283508364,0.15385996409335728,0.20430879712746858,0.5092739650310998,0.04847929362541717,0.037382719849993355,0.048875074852433774,1.0,1.0
PG,2014-04-23,2014-03-31,10-Q,0.14357144353582826,0.12690305948732916,0.16819884235614574,0.51087662451029,0.057138068534955344,0.06600696941975041,0.03724961094216245,1.0,1.0
PG,2014-08-08,2014-06-30,10-K,0.13972107079977264,0.1279456268293893,0.16073820509004316,0.5149515478352488,0.059320976529466406,0.09675183341882357,0.036855493311992685,1.0,1.0
PG,2014-10-24,2014-09-30,10-Q,0.15046713416266835,0.09570988841862255,0.14140053866871874,0.5163732152290803,0.05417453666514694,0.026291222509281172,0.02977749180744886,1.0,1.0
PG,2015-01-27,2014-12-31,10-Q,0.14795652524896707,0.1176528942016765,0.1957740191458757,0.5243609784020608,0.06020709950610217,0.051870280266836925,0.03659816083441338,1.0,1.0
PG,2015-04-23,2015-03-31,10-Q,0.13855518302695188,0.11867489802667842,0.17280343953257635,0.5159504189037476,0.06395442082833729,0.08110770828719155,0.033969706532029034,1.0,1.0
PG,2015-08-07,2015-06-30,10-K,0.13737982161473417,0.029286115795390668,0.05227655986509275,0.5131086142322098,0.052859183752268425,0.11280744430286883,0.008263283108643934,1.0,1.0
PG,2015-10-23,2015-09-30,10-Q,0.12785363400765867,0.15737883463423488,0.2279905609003449,0.5129849533903222,0.05960623525316211,0.027370131125981512,0.04131588143723989,1.0,1.0
PG,2016-01-26,2015-12-31,10-Q,0.13097883741279048,0.18953591486845994,0.22778598876736625,0.5175735425071433,0.0728107601650883,0.06208621450639988,0.05145902218227344,1.0,1.0
PG,2016-04-26,2016-03-31,10-Q,0.12356087461178906,0.17454776261504285,0.21059980958425897,0.5305941587978793,0.06191768359632337,0.0885905198105217,0.045945900790269494,1.0,1.0
PG,2016-08-09,2016-06-30,10-K,0.12665177447772463,0.12116507266178114,0.15538442429511862,0.5439293355147244,0.05586143971809716,0.12140542411276113,0.03364779331873135,1.0,1.0
PG,2016-10-25,2016-09-30,10-Q,0.12800384368001363,0.16430560600556968,0.2282964039229931,0.5431677812822082,0.05777918988244229,0.023441798470277348,0.046038235144442,1.0,1.0
PG,2017-01-20,2016-12-31,10-Q,0.14402775285603206,0.46719269102990035,0.22988846701471286,0.5407790964941512,0.05170336571736177,0.051481206155528786,0.14652798451920215,1.0,1.0
PG,2017-04-26,2017-03-31,10-Q,0.13214385516254415,0.16161486702979813,0.21531560397308555,0.5380850361162155,0.049258622587665446,0.0767628354404654,0.046234509056244044,1.0,1.0
PG,2017-08-07,2017-06-30,10-K,0.13353985681776656,0.13775732321661796,0.1834069282915604,0.5367506602660997,0.046251847914555756,0.10591664867199309,0.039710997167341965,1.0,1.0
PG,2017-10-20,2017-09-30,10-Q,0.1355544521412117,0.17132048279589263,0.22428391280850296,0.5489251206746384,0.040895068009214414,0.02955612896923916,0.05148425516556889,1.0,1.0
PG,2018-01-23,2017-12-31,10-Q,0.13735352642051735,0.14343202069560218,0.23012359873526875,0.5679147847509555,0.058684185591105775,0.05776033606013708,0.045594926993293254,1.0,1.0
PG,2018-04-19,2018-03-31,10-Q,0.13090882776254534,0.15422885572139303,0.20244456728702168,0.5582018027000297,0.04282417644268266,0.08577700230764901,0.04569941397007971,1.0,1.0
PG,2018-08-07,2018-06-30,10-K,0.13948947679824192,0.11458522692843726,0.16221293098224565,0.5530132702222974,0.021714140816499028,0.1256613980221452,0.035758183159049224,1.0,1.0
PG,2018-10-19,2018-09-30,10-Q,0.14091523134076325,0.19167165967645297,0.21294188136608747,0.5567038162782844,0.021487673083417765,0.030116514690982775,0.06092869114734115,1.0,1.0
PG,2019-01-23,2018-12-31,10-Q,0.14098490544681333,,0.22342011698589287,0.5598324803738469,0.029881879259744355,0.06123521469515794,,0.0,1.0
PG,2019-04-23,2019-03-31,10-Q,0.13529706672803332,0.16674766128052484,0.19614870611104362,0.5434319857322496,0.02250293820321682,0.09115415909856747,0.04941316244239631,1.0,1.0
PG,2019-08-06,2019-06-30,10-K,0.1485207871758113,-0.3065988065988066,-0.30373230373230375,0.5866110604283418,0.03683044441548286,0.13242973196055433,-0.1101536392105761,0.0,1.0
PG,2019-10-22,2019-09-30,10-Q,0.15604341650739098,,0.24103831891223734,0.5880692279366638,0.08157253327254554,0.03655157902119974,,0.0,1.0
PG,2020-01-23,2019-12-31,10-Q,0.16326092210198437,,0.24572368421052632,0.5890908765428784,,0.07637639519167942,,0.0,1.0
PG,2020-04-20,2020-03-31,10-Q,0.1451923076923077,,0.2005925409550366,0.6125084345479083,,0.10625,,0.0,1.0
PG,2020-08-06,2020-06-30,10-K,0.14662800331400166,0.15820996722793537,0.19668889140015822,0.6116155758077879,,0.14418392709196354,0.059729510644652074,1.0,1.0
PG,2020-08-07,2020-06-30,10-K/A,0.14662800331400166,0.15820996722793537,0.19668889140015822,0.6116155758077879,,0.14418392709196354,0.059729510644652074,1.0,1.0
PG,2020-10-20,2020-09-30,10-Q,0.16111894177599478,,0.27337198467750284,0.5948590063303281,,0.03952493348568378,,0.0,1.0
PG,2021-01-20,2020-12-31,10-Q,0.1643882376448648,0.19518865535578628,0.27247404406178777,0.5958771812974557,,0.08461269481816971,0.07939843428100536,1.0,1.0
PG,2021-04-20,2021-03-31,10-Q,0.15507201698950146,0.18051797448782372,0.209012093434204,0.5982205552415695,,0.12202640908390279,0.06967326669366355,1.0,1.0
PG,2021-08-06,2021-06-30,10-K,0.6380011231528745,0.18794503271236765,0.23629102183452008,0.6089584014349535,,0.1539809064011332,0.30664037381575,1.0,1.0
PG,2021-10-19,2021-09-30,10-Q,0.16995211792527723,0.20218310551676663,0.24697610384501917,0.6121969766606222,,0.03879868637658876,0.08860541285985175,1.0,1.0
PG,2022-01-19,2021-12-31,10-Q,0.17257198392304143,0.20154631794969693,0.24664725814919106,0.6302546616590894,,0.08041773736575081,0.09406811752389013,1.0,1.0
PG,2022-04-20,2022-03-31,10-Q,0.1612167996206859,0.1731076827821062,0.20762602548888087,0.6194714557841237,,0.10822096708452215,0.07333974555152363,1.0,1.0
PG,2022-08-05,2022-06-30,10-K,0.6841427206334039,0.18384526170077445,0.22214324017608839,0.6002491297522353,,0.14267797419971334,0.3146369573568959,1.0,1.0
PG,2022-10-19,2022-09-30,10-Q,0.17725873307992637,0.191102270522026,0.23961769842810013,0.6187372078223629,,0.03500111797182711,0.08884828799566924,1.0,1.0
PG,2023-01-19,2022-12-31,10-Q,0.17646858938962748,0.1893323063592163,0.23034708515861937,0.6200569171303573,,0.06493649917172832,0.08793739519284516,1.0,1.0
PG,2023-04-21,2023-03-31,10-Q,0.16744123953909437,0.16927446681283637,0.211680287024118,0.6210211012006575,,0.09601088017621881,0.07478919442548601,1.0,1.0
PG,2023-08-04,2023-06-30,10-K,0.6786946842231584,0.17868204765504964,0.2211301612077165,0.6104825828236599,,0.13943672462736595,0.31133538723042603,1.0,1.0
PG,2023-10-18,2023-09-30,10-Q,0.1784936056997821,0.2067120844954506,0.26368250194321247,0.6081481421028148,,0.04002252491206307,0.09416003665597535,1.0,1.0
PG,2024-01-23,2023-12-31,10-Q,0.17762552916518237,0.16174618721141737,0.20675341635184927,0.5954816956482119,,0.08287700171486799,0.07102336726125867,1.0,1.0
PG,2024-04-19,2024-03-31,10-Q,0.16885733875148415,0.185887595939589,0.22084674424362466,0.57914011939999,,0.11782805732537334,0.07458327538592971,1.0,1.0
PG,2024-08-05,2024-06-30,10-K,0.6867614611424369,0.17704875117504967,0.22067135496614668,0.5868350085805344,,0.16218027294271473,0.29428983959334637,1.0,1.0
PG,2024-10-18,2024-09-30,10-Q,0.17185844626112806,0.18213184892119427,0.2666881354372729,0.5877595230941952,,0.03401274489650701,0.07592873170825262,1.0,1.0
PG,2025-01-22,2024-12-31,10-Q,0.1784261124112232,0.21158943423818663,0.26236175852298693,0.5805249553567788,,0.07442167662815255,0.0900025270687946,1.0,1.0
PG,2025-04-24,2025-03-31,10-Q,0.1608014050608209,0.19058454692556634,0.23048139158576053,0.5727493007220451,,0.10433877577571066,0.07172899419545152,1.0,1.0
PG,2025-08-04,2025-06-30,10-K,0.6730282438054476,0.1895258886621423,0.24264391818138675,0.5824915556052415,,0.14227307934936237,0.3055236783719685,1.0,1.0
PG,2025-10-24,2025-09-30,10-Q,0.17544024639691533,0.2121861877959439,0.26159206647011524,0.580318027570749,,0.042382777294492906,0.088700491120614,1.0,1.0
PG,2026-01-23,2025-12-31,10-Q,0.1744732335056487,0.1944794668587896,0.24162463976945245,0.5811243970271671,,0.08154863849912795,0.08100605810529475,1.0,1.0
PG,2026-04-24,2026-03-31,10-Q,0.16540996120830673,0.18516599952907936,0.21549328938073933,0.5736730592469115,,0.11236348907133621,0.07184228316676107,1.0,1.0
QUBT,2019-03-28,2018-12-31,10-K,,,,1.8440814264315397,0.983264669288587,-1.3402030764162933,20.216351284983965,0.0,0.0
QUBT,2019-04-26,2018-12-31,10-K/A,,,,1.8440814264315397,0.983264669288587,-1.3134942097402786,6.926477936591019,0.0,0.0
QUBT,2019-05-10,2018-12-31,10-K/A,,,,1.8440814264315397,0.983264669288587,-1.3134942097402786,6.926477936591019,0.0,0.0
QUBT,2019-05-14,2019-03-31,10-Q,,,,2.536658798931248,0.9839480478442971,-0.32067285011114993,0.3054110059292706,0.0,0.0
QUBT,2019-06-07,2019-03-31,10-Q/A,,,,2.536658798931248,0.9839480478442971,-0.32067285011114993,0.3054110059292706,0.0,0.0
QUBT,2019-08-02,2019-06-30,10-Q,,,,4.169739633675585,0.9813360567541444,-1.1354914011635329,0.8109888137465872,0.0,0.0
QUBT,2019-11-13,2019-09-30,10-Q,,,,4.1112118139370715,0.9224687945871732,-4.62029151972529,-0.7405845994398782,1.0,0.0
QUBT,2020-03-27,2019-12-31,10-K,,,,19.970575736112515,0.6819791561266821,-15.134925292589969,2.980161739904057,0.0,0.0
QUBT,2020-05-12,2020-03-31,10-Q,,,,10.151167375739337,0.8273570613261388,-1.1153221957040573,0.3166710889467943,0.0,0.0
QUBT,2020-08-10,2020-06-30,10-Q,,,,6.637753612405087,0.9354316143603345,-4.5360694244827915,0.5942598727348967,0.0,0.0
QUBT,2020-11-13,2020-09-30,10-Q,,,,0.8452473924870292,0.9926621358826021,-1.3597631842772244,-18.79534490764627,0.0,0.0
QUBT,2021-03-18,2020-12-31,10-K,,,,0.045402455100523306,0.9953020198845288,-0.7558609805534445,-1.6970528809776626,0.0,0.0
QUBT,2021-05-13,2021-03-31,10-Q,,,,0.04259300277429767,0.9769655438772448,-0.1069117704356856,-0.2514218406465109,0.0,0.0
QUBT,2021-08-16,2021-06-30,10-Q,,,,0.06200111121579648,0.9790307453171715,-0.20746763380437871,-0.3396693284321928,0.0,0.0
QUBT,2021-11-05,2021-09-30,10-Q,,,,0.0700252566234326,0.9416925999411142,-0.43897098259294953,-0.4637325917944992,0.0,0.0
QUBT,2022-03-15,2021-12-31,10-K,,,,0.06261778100641766,0.96843712024557,-0.3937099533006916,-1.7219493049518027,0.0,0.0
QUBT,2022-05-23,2022-03-31,10-Q,0.0023483274744166486,-228.35121638924457,-214.75451344430218,0.07794628088146471,0.8654660930152668,-0.31525266507731103,-0.5815750472499175,0.0,0.0
QUBT,2022-08-15,2022-06-30,10-Q,0.0007127117601717744,-77.95149960295645,-73.42807403335166,0.014136375029180706,0.07338690164779059,-0.09328992500342376,-0.05635358591478299,0.0,0.0
QUBT,2022-11-14,2022-09-30,10-Q,0.00039492668904514633,-201.0646018169261,-181.53304467938162,0.11691147606960474,0.10890619060226173,-0.1213243511832133,-0.08991825318522435,0.0,0.0
QUBT,2023-03-30,2022-12-31,10-K,0.0015190089273017363,-284.51359400802073,-269.66370311394195,0.16129391502479426,0.05944508761115342,-0.1966103350725542,-0.5152921827789787,0.0,0.0
QUBT,2023-05-12,2023-03-31,10-Q,0.0013462966671545266,-70.57279515473326,-64.6105533891977,0.14055773944491629,0.0755622380282666,-0.052680165250124956,-0.1105506713705603,0.0,0.0
QUBT,2023-06-26,2022-12-31,10-K/A,0.0015190089273017363,-284.51359400802073,-269.66370311394195,0.16129391502479426,0.05944508761115342,-0.1966103350725542,-0.5152921827789787,0.0,0.0
QUBT,2023-08-14,2023-06-30,10-Q,0.0012655701851112136,-41.380229967020234,-34.3978607719048,0.1323806605895082,0.08118414457935161,-0.11042277534499167,-0.06036009447978553,0.0,0.0
QUBT,2023-11-13,2023-09-30,10-Q,0.0005645758397742386,-164.09079012590462,-152.02769901853873,0.09054847207934318,0.08260552192223862,-0.1638261847016996,-0.10186545713586759,0.0,0.0
QUBT,2024-04-01,2023-12-31,10-K,0.004547883209685466,-83.0356685016213,-76.02710538001995,0.06934893467435937,0.0261568667673717,-0.25328283898002335,-0.40577670477537614,0.0,0.0
QUBT,2024-09-11,2023-12-31,10-K/A,0.004814740098177661,-75.4804469273743,-73.30446927374301,0.0760137179745814,0.027691480061865375,-0.2463183377042566,-0.3933161579552567,0.0,0.0
QUBT,2024-10-02,2024-06-30,10-Q,0.002409321308669607,-28.382513661202186,-28.781420765027324,0.04740965045092489,0.03325653347376736,-0.10350865644131393,-0.07926745516978252,0.0,0.0
QUBT,2024-11-06,2024-09-30,10-Q,0.0013149329514386147,-56.18811881188119,-53.84158415841584,0.1420127587553704,0.039890639239682335,-0.1619450592370785,-0.09389632522047023,0.0,0.0
QUBT,2025-03-20,2024-12-31,10-K,0.002429033791571969,-183.75871313672923,-69.53619302949062,0.301330433253668,0.5141020715164856,-0.10558156799666578,-0.6388658458154296,0.0,0.0
QUBT,2025-05-15,2025-03-31,10-Q,0.00016080285981701458,435.43589743589746,-212.46153846153845,0.08949709936379792,0.6862117732432288,-0.018269678765363888,0.07690182812790103,1.0,0.0
QUBT,2025-08-14,2025-06-30,10-Q,0.0001431642586907746,-598.0655737704918,-166.7377049180328,0.0706480412313065,0.818519352991429,-0.024722824607354418,-0.0921304503740069,0.0,0.0
QUBT,2025-11-14,2025-09-30,10-Q,0.00042753598984602025,6.203125,-27.09375,0.022623779462685237,0.3923934221806562,-0.021463642740238487,0.0027134476277268327,1.0,0.0
QUBT,2026-03-02,2025-12-31,10-K,0.0004212684999876461,-27.381231671554254,-74.89296187683284,0.012758505670446965,0.45578533837373064,-0.018712474983322215,-0.011683919750479426,0.0,0.0
QUBT,2026-05-11,2026-03-31,10-Q,0.002277644282687065,-1.0972636141966947,-5.567596857220265,0.014408830669396631,0.15902844371053,-0.005814749952793338,-0.0025357128546241387,0.0,0.0
